id,address
01,410 E. Grand Blanc Rd., Grand Blanc, MI 48439
02,11225 S Saginaw St, Grand Blanc, MI 48439
03,12465 Pagels Dr Grand Blanc, MI 48439
04,8346 Holly Rd, Grand Blanc, MI 48439
05,5370 E Hill Rd, Grand Blanc, MI 48439
06,746 Cambridge Cir, Grand Blanc, MI 48439
07,2002 S Dort Hwy, Flint, MI 48503
08,3201 E Court St, Flint, MI 48506
09,1000 Thornridge Dr, Grand Blanc, MI 48439
10,4145 Davison Rd, Burton, MI 48509
11,3440 Creekside Blvd, Burton, MI 48519
12,1000 Charter Oaks Dr, Davison, MI 48423
13,Service Department, 800 N State Rd, Davison, MI 48423
14,6089 S State Rd, Goodrich, MI 48438
15,10080 Hegel Rd #9400, Goodrich, MI 48438
16,9046 Irish Rd, Grand Blanc, MI 48439
17,10200 Woodfield Dr, Grand Blanc, MI 48439
18,9020 Holly Rd, Grand Blanc, MI 48439
19,8095 Wolfson Ln, Grand Blanc, MI 48439
20,1000 Thornridge Dr, Grand Blanc, MI 48439
21,4070 Saginaw St, Burton, MI 48529
22,3100 Lakewood Dr, Flint, MI 48507